"song count","track count","file no. (full track)","File name (producer_title)","Songwriter/Producer (artist name)","Song title (romanized Japanese / English translation)","excerpt extension no.","Length (in seconds)","LYRICS (original language)","LYRICS (Romanized)","LYRICS (English translation)","LYRICS_de_deepL"
1,1,1,"3kadocona","3kado-cona","yande orimasu no / I'm sick","_02",16,"私
病んでおりますの
病んでおりますの
赤い雫
ポタリと落ちた
ねえ
泣いておりますの
反らした目線
黒猫が通る","watashi
yande orimasu no
yande orimasu no
akai shizuku
potari to ochita
ne-e
naite orimasu no
sorashita mesen
kuro neko ga to'oru","I ...
am sick/suffering.
I am sick/suffering
red drops
fell drop-by-drop
Hey...
I'm crying
Eyes turned back
A black cat walks by","I...
ich bin krank.
Ich bin krank.
Ein roter Tropfen
Ein roter Tropfen.
Hey...
Sie weint.
Die Augen sind nach hinten gerichtet.
Eine schwarze Katze läuft vorbei."
1,1,2,"COBAx_aBouqet","COBA_x5884x","kimi ni kanzone no hanabata wo / a bouquet of flowers for you","_01",21,"[君に]カンツォーネの花束を
くすんだ言葉より
斜め40度から溢れる
真紅の想いを
君のために何一つも持たない僕から
君にカンツォーネの花束を
贈るように捨てた","[kimi ni] kanzone no hanabata wo
kusunda kotoba yori 
naname yonjuu do kara afureru
shinku no omoi wo
kimi no tame ni nani hitotsu mo motanai boku kara
kimi ni kanzone no hanabata wo
okuruyou ni suteteta","A bouquet of canzone [for you]
More than dull words
from 40 degrees diagonally
I'll give you a crimson thought
from me who has nothing for you
I'll give you a bouquet of canzone flowers
I threw it away like a bouquet of canzone flowers","[Für Sie] ein Strauß von Canzonen.
Mehr als dumpfe Worte
Überfließend von 40 Grad diagonal
Meine karminroten Gedanken.
Von mir, der nichts für dich hat
gebe ich dir einen Blumenstrauß aus Canzonen
Ich warf ihn weg wie ein Geschenk für dich"
1,1,3,"COBAx_breaking","COBA_x5884x","hokorobi / breaking open","_01",38,"懐かしい そう感じるには
まだ勇気が出ないな
大人だと言うけれど
 
桜が 蕾をつければ
なにかが変わってゆく
そんな風が吹いてた","natsukashii sou kanjiru ni wa
mada yuki ga denai na
otona da to iu keredo
 
sakura ga tsubomi wo tukereba
nanika ga kawatte yuku
sonna kaze ga fuiteta","Feelings of nostalgia
Courage cannot yet be mustered,
even though you say I'm an adult.
 
When the cherry blossoms bud,
something changes
Such a wind was blowing","Es ist lange her, dass ich so etwas gefühlt habe.
Ich bin noch nicht mutig genug.
Du sagst, du bist erwachsen.

Wenn die Kirschblüten blühen
Verändert sich etwas
Solch ein Wind wehte"
1,1,4,"COBAx_HiHo","COBA_x5884x","Hi-Ho","_02",15,"Hi-Ho
笑ってたって 強がってたって
平気なフリをしてたって
Hi-Ho
心の中の 煮えたぎった
戦慄くモノを抑えて","Hi-Ho
waratte tatte tsuyogatte tatte
heiki na furi wo shitetatte
Hi-Ho
kokoro no naka no nieta gitta
wananaku mono wo osaete","Hi-Ho
Though smiling, though showing courage.
Though pretending to be calm/cool
Hi-Ho
inside my heart  a boiling
trembling thing I suppress","Hi-Ho.
Du hast gelächelt, du warst stark, du hast so getan, als ginge es dir gut.
Du hast so getan, als ginge es dir gut.
Hi-Ho
Ich habe ein brodelndes Geschwür in meinem Herzen
Unterdrücke das Schaudern"
1,1,5,"COBAx_Indigo","COBA_x5884x","aiirobanka / Indigo multifariousness","_02",16,"私、気づけば恋をしてた
「恋に身をやつせ」と言いますが
藍に、染まった華を裂き
秋風が立つ","watashi, ki dzukeba koi wo shiteta
「koi ni mi wo yatsuse」to iimasu ga
ai ni、somatta hana wo saki
aki-kaze ga tatsu","I found myself falling in love.
They say, ""Give yourself over to love.""
to indigo, cleaving the dyed flowers
The autumn wind rises","Ich habe mich in der Liebe wiedergefunden.
Sie sagen: ""Gib dich der Liebe hin"".
Indigo, das die gefärbten Blumen zerreißt
Der Herbstwind erhebt sich"
1,1,6,"COBAx_LiarLiar","COBA_x5884x","Liar×Liar","_01",27,"『カミサマ』や『テンメイ』に
皆こぞって手を合わす
『自己満』と『自己愛』が
無自覚に溢れ出す
差し出された 救済の声
知りもせず、疑わず
人は手を取るのだろう","『kami-sama』ya『ten-mei』ni
mina kozotte te wo awasu
『jiko-man』to『jiko-ai』ga
mu-jikaku ni afure dasu
sashi dasareta kusai no koe
shiri mo sezu、utagawazu
hito wa te wo toru no darou","Everyone joins hands with ""god"" and “dawn”
Everyone joins hands to ""god"" and “dawn""
Self-satisfaction and narcissism are
Unmindfully pouring out
The voice of salvation offered to us
unknowing, unsuspecting
Will people take the hand","Die ""Kamisama"" und die ""Tenmei"".
Jeder reicht jedem anderen die Hand.
Selbstverwirklichung und Selbstliebe
Überfließen unbewusst.
Die Stimme der Erlösung, die uns angeboten wird
Ohne zu wissen oder zu ahnen
Werden die Menschen meine Hand nehmen?"
1,1,7,"emoco_goodbye","emoco (MeKo)","sayonara, reiniiburuu / Goodbye, Rainy Blue","_02",34,"[僕だ]けの音楽よ
人も街も全部凪いで往け
｢もう遅い｣だなんて言い訳は
二度と聴かせたりしないから
揺らいだ感情を謳って 届いて","[boku da]ke no ongaku yo
hito mo machi mo zenbu naide ike
｢mou osoi｣da nante ii wake wa
ni do to kikasetari shinai kara
yuraida kanjou wo utatte todoite","[It's my own] music
Calm down and let the people and the city go
I'll never give you the excuse that it's too late
I'll never make you listen to it again
So please reach me with your wavering
emotions","[Es gibt nur mich und meine Musik.
Beruhigt die Leute, beruhigt die Stadt, beruhigt die ganze Sache und geht.
Ich werde nie Ausreden erfinden wie: ""Es ist zu spät.
Ich werde es dich nicht mehr hören lassen
Sagt eure schwankenden Gefühle, erreicht mich"
1,1,8,"giga_tetrodotoxin","Giga","tetorodotokisaiza 2 gou / Tetrodotoxin Synthesizer No.2","_02",16,"まっ逆さま 飛んでゆく
いらないモノ 沢山落として
真っ正面 キミだけに
ファースト・キス・ミサイルを 撃ち込め","massakasama tonde yuku
iranai mono takusan otoshite
masshoumen kimi dake ni
faasuto kisu misa'iru wo uchi kome","flying head-over-heals
dropping many needless things 
directly opposite only you
I launch the first-kiss-missile","Er fliegt kopfüber.
Lässt einen Haufen Zeug fallen, das ich nicht brauche
Kopfüber, nur du.
Erstkuss-Raketen."
1,2,9,"haraguchisasuke_akotoba","HARAGUCHI Sasuke","Akotoba","_01",16,"生きる空　重なる無線
命を照らす　青いヒカリ","ikiru sora　kasanaru musen
inochi wo terasu　aoi hikari","Living sky,  accumulating wireless
The blue light that illuminates our lives","Lebendiger Himmel Überlappende Radios
Blaues Hikari erhellt das Leben"
,,,,,,"_02",31,"言葉で世界が変わる時は訪れないけど
どこかで揺らめく音の響きになれたらいいな

力？と立場？を使うよりかは届かないけど　
少しだけ強く願うことの意味になりたいよ","kotoba de sekai ga kawaru toku wa otozurenai kedo
dokoka de yurameku oto no hibiki ni naretara ii na

chikara？to tachiba？wo tsukau yori ka wa todokanai kedo　
sukoshi dake tsuyoku negau koto no imi ni naritai yo","Though the time never comes when words can change the world
I wish I could be the sound of a shimmering sound somewhere

Power? and position? I wish to be the meaning of what I wish a little bit stronger　
I wish to be the meaning of what I wish a little stronger","Ich kann nicht zu einer Zeit kommen, in der Worte die Welt verändern können, aber...
Ich wünschte, ich könnte der Klang eines schimmernden Tons irgendwo sein

Macht? und Position? Ich wünschte, ich könnte die Bedeutung eines Wunsches sein, der nur ein kleines bisschen stärker ist
Ich wünschte, ich könnte die Bedeutung eines etwas stärkeren Wunsches sein"
1,1,10,"haraguchisasuke_Minibias","HARAGUCHI Sasuke","mini hen / Mini Bias","_01",17,"各・略る 町
田んぼの田
タダ飯 飯
食当たり 残念！
観念！何にも不可解
 
あと、くっ付く角
アかイかウ選ぶ
解らない でも分かる
左側 変","kaku・ryakuru machi
tonbo no ta
tada meishi meishi
shoku atari zannen！
kannen！Nan ni mo fukakai
 
ato、kuttsuku kado
a ka i ka u erabu
wakaranai demo wakaru
hidarigawa hen","Each of abbreviated. Town
rice field in a paddy field
free meal, meal.
food is there, too bad!
Oh well ! I don't understand it.
 
After, sticky corner
Choose ‘a’, ‘b’, or ‘c’.
I don't understand but I recognize.
Left side. That's weird.","Jede, abgekürzte Stadt
Reisfelder
Kostenloses Essen Mittagessen
Lebensmittelvergiftung Schande!
Begriff! Ich verstehe das nicht.

Und die Hörner, die zusammenkleben.
Wähle a, b oder c.
Ich weiß es nicht, aber ich weiß es.
Auf der linken Seite. Das ist komisch."
1,1,11,"hutekigou_notlove","hutekig0u","ai janai / Not Love","_02",15,"[最前線]　開戦
君の眼前
絡まる欲 無い際限
くすぶり誤魔化すごとに亀裂する制限
 
暮れる沿線
夕焼けが溶かす罫線
恋焦がれ 汚れあられ
気が狂う寸前","[saizensen] kaizen,
kimi no ganzen
karamaru yoku, nai saigen
kusuburi gomakasu goto ni kiretsu suru seigen
 
kureru ensen
yuuyake ga tokasu keisen
koikogare  yogore arare
ki ga kuruu senzen","[The front line] open war
right in front of you, 
entangled desires, no bounds.
a limitation that rifts with each smoldering deception
 
train tracks come to an end, 
the demarcation line where the sunset melts
deep yearning and dirty hail
The verge of losing all senses","[Frontline] Krieg.
Direkt vor Ihren Augen.
Verstrickte Gier, keine Grenzen.
Grenzen, die mit jeder schwelenden Täuschung brechen.

Entlang der Linie in der Abenddämmerung
Die Linie, an der der Sonnenuntergang schmilzt
Sehnsucht nach Liebe, schmutzig und heimgesucht
am Rande des Wahnsinns"
1,2,12,"kiichi_incomplete","kiiichi","fukanzennamuketsu / incomplete not undecided","_01",28,"空を覆う煙
晄の蛹虫が眠り
滲む銀色の体液

バス停に一人きり","sora wo oou kemuri
hikari no youchuu ga nemuri
nijimu gin'iro no taieki

basu'tei ni hitori kiri","The chrysalis insects of the smoke-filled mushrooms that cover the sky sleep, their silvery fluids oozing.

You're alone at a bus stop,","Rauch bedeckt den Himmel
Die Insektenpuppen der Adern schlafen
silbrige Flüssigkeit sickert aus ihrem Körper

allein an der Bushaltestelle."
,,,,,,"_02",27,"不完全無無決
真剣に信じている
斑色した
アネモネが狂い咲く","fu'kanzen'na'muketsu
shinken ni shinjite'iru
madara'iro shita
anemone ga kurui saku","incomplete not undecided
I believe in earnest.
In mottled color 
anemone bloom out of season","Unvollständig und unentschlossen
Ernsthafte Überzeugung
Gesprenkelt.
Anemone blüht wie verrückt"
1,1,13,"kikuo_hallelujah","kikuo","Hallelujah Super Idol","_02",15,"世界 宇宙 あげるよ
地球もお月様も君のもの

なんでもかんでもかなえよう 
なぜならあたしはスーパーアイドル","sekai uchuu ageru yo
chikyuu mo o'tsukisama mo kimi no mono

nandemo kandemo kanaeyou 
naze nara atashi wa su-pa-a'idoru","The world, the universe, I'll give them to you.
The Earth and the moon, even they belong to you.

Anything at all, shall we make it all come true?
Because I'm a Super Idol.","Die Welt, das Universum, für dich.
Die Erde und der Mond gehören dir.

Ich werde alles wahr werden lassen
Denn ich bin dein Superidol"
1,2,14,"LIQ_Alice","LIQ","Alice in Black Market","_01",23,"[午前]【00時13分54秒】 視覚を S×D↓
午前【05時30分29秒】 規則的な朝
午前【09時28分04秒】 カレとの約束
午前【10時42分03秒】 手を繋ぎ笑う","[gozen]【reiji juusanpun gojiyonbyou】shikaku wo shatto da'un
gozen【goji sanjuppun nijuukyuubyou】 kisokuteki na asa
gozen【kyuuji jihappun yonbyou】 kare to no yakusoku
gozen【juuji yonjuunifun sanbyou】te wo tsunagi warau","00:13:54 [AM]: Shut down my vision
05:30:29 AM: A systematic morning
09:28:04 AM: Date with my boyfriend
10:42:03 AM: Hold hands and smile","[AM] [00:13:54] Bildmaterial: S x D↓.
AM [05:30:29] Normaler Morgen.
AM [09:28:04] Versprechen an meinen Freund.
AM [10:42:03] Händchen halten und lachen."
,,,,,,"_02",23,"壊れてゆく姿を見せて 
君は僕だけの Marionette
「愚者ノ皆様、御退場ハコチラデ御座イマス。」

終わらない悪夢魅せてあげる
感覚が乱離っちまうまで
「不思議ノ世界ヲ黒デ染メル悪魔ノ計画サァ。」","kowarete yuku sugata wo misete 
kimi wa boku dake no Marionette
「gusha no minasama、gotaijou ha kochirade gozaimasu.」

owaranai akuma misete ageru
kankaku ga ranri cchimau made
「fushigi no sekai wo kuro de someru akuma no keikaku saa.」","Show me the moment you break down, 
my personal marionette
“My dear brainless ladies and gentlemen, you may take your leave this way.”

I shall entrance you with a never-ending nightmare, 
until all your senses fall apart
“It’s the devil’s plan to dye this wondrous world a pitch black color.”","Zeig mir, wie du zusammenbrichst.
Du bist meine eigene Marionette.
""Liebe Narren, hier verlasst ihr uns.""

Ich werde dich mit endlosen Albträumen verzaubern
Bis meine Sinne verwirrt sind.
Des Teufels Plan, die Welt der Wunder schwarz zu machen."
1,2,15,"MARETU_DanceOfLife","MARETU","inochi no odori / The Dance of Life","_01",23,"もう、あんなことや、そんなことも、忘れてみよう。
傷んだ体、病んだあなた、つくりなおそう。
とりどりのお花が、愛と死を紡いでいる
（繋いだ手と手）

悲しい苦しい、現の実に逆らいましょう。
嬉しい楽しい、天の国と繋がりましょう？","mou、an'na koto ya、son'na koto mo、wasurete miyou.
itanda kadara、yanda anata、tsukuri naosou。
toridori no ohana ga、ai to shi wo tsumuide iru
（tsunaida te to te）

kanashii kurushii、gen no jitsu ni saraimashou.
ureshii tanoshii、ten no kuni to tsunagarimashou？","Let's forget about such-and-such.
Let's rebuild your damaged body, your sick body.
The flowers in every color weave together love and death.
(connecting hand to hand)

Sad and bitter, let us defy the fruits of the present.
Let us connect with the heavenly kingdom of joy and happiness.","Lass uns diese und jene Sache vergessen.
Lass uns deinen beschädigten Körper wieder aufbauen, deinen kranken Körper.
Die bunten Blumen weben Liebe und Tod zusammen.
(Hand in Hand).

Traurig und bitter, lass uns den Früchten der Gegenwart trotzen.
Glücklich und freudig, verbinden wir uns mit dem himmlischen Reich."
,,,,,,"_02",29,"いのちのおどりを さあ
踊らせて 踊らせて さあ
その いのちの灯火を
なびかせて なびかせて ねえ

いのちのおどりを さあ
踊らせて 踊らせて さあ
その いのちのきらめきに
触らせて 触らせて ねえ","inochi no odori wo, saa
odorasete, odorasete, saa
sono inochi no  tomoshibi wo
nabikasete, nabikasete, ne'e

inochi no odori wo, saa
odorasete, odorasete, saa
sono inochi no kirameki ni
sawarasete, sawarasete, ne'e","The dance of life, come on.
Let it dance, let it dance, come on.
That light of life
Let it flicker, let it flicker, hey

The dance of life, come on
Let it dance, let it dance, come on
That sparkle of life
Let me touch it, let me touch it, hey","Tanze den Tanz des Lebens. Komm schon.
Lass es tanzen, lass es tanzen, lass es tanzen, komm schon
Lass das Licht des Lebens
Lass es flattern, lass es flattern, hey

Lass den Tanz des Lebens, komm schon
Lass es tanzen, lass es tanzen, lass es tanzen
Lass das Funkeln des Lebens
Lass mich es berühren, lass mich es berühren, hey"
1,1,16,"nashimotoUi_Hyperventilation","NASHIMOTO Ui","Kakokyuu Dansu / Hyperventilation Dance","_01",28,"深夜二時過ぎ 酔いは冷めた
布団かぶれど ノーミソは覚めた
テレビつけても 話題は暗々
眠れもしないまま 朝を待つさ
 
あれ耳澄ましたら 何か聞こえた
祭囃子に似た ひどいノイズ
合わせて しゃがれ声 窓の外で
「ほれ ゾンビの真似事 始めましょ」","shinya niji sugi  yoi wa sumeta
futon kaburedo noumiso wa sameta
terebi tsukete mo wadai wa kurakura
nemure mo shinai mama asa wo matsu sa
 
are mimi sumashitara nani ka kikoeta
matsuri hayashi ni niita hidoi noizu
awasete shagare koe mado no soto de
「hore zonbi no manegoto hajimemasho」","2am passes and I’ve sobered up.
I’m under the blanket but my brain’s awake.
I turn on the TV but there’s nothing on.
Unable to sleep, I wait for the morning.
 
When I listened closely, I could hear something.
That awful noise sounded just like a festival band.
There was also a hoarse voice outside my window.
“Now – let’s start this zombie act!”","Es ist nach zwei Uhr morgens und ich bin nüchtern.
Ich habe eine Bettdecke über dem Kopf, aber ich bin immer noch nüchtern.
Ich schalte den Fernseher ein und die Nachrichten sind dunkel.
Ich kann nicht schlafen, ich warte nur auf den Morgen.

Oh, ich habe gelauscht und ich habe etwas gehört.
Ich habe etwas gehört, ein schreckliches Geräusch, wie eine Festkapelle.
Und da ist ein dumpfes, dumpfes Geräusch aus dem Fenster.
""Komm, lass uns unser Zombie-Ding machen."""
1,1,17,"nashimotoUi_wanna_die","NASHIMOTO Ui","Shinitagari / Wanna Die","_02",19,"死にたがり 死んでもいーよ
誰も気付いちゃくれやしないよ
死にたがり 死んでもいーよ
どーせみじめだ 死んでもいーよ
 
死にたがり まだ生きてんの
死にたいくせに なぜ生きてんの
死にたがり 死んでもいーよ
死にたいんだろ 死んだらいーよ","shi ni tagari, shinde mo ii yo
dare mo kitsui chakure yashinai yo
shi ni tagari, shinde mo ii yo
douse mijimeda, shinde mo ii yo
 
shi ni tagari, mada ikiten no
shi ni taikuse ni, naze ikiten no
shi ni tagari, shinde mo ii yo
shi ni taindaro, shindara ii yo","You wanna die? Well, go ahead, then
No one will notice, even if you do
You wanna die? Well, go ahead, then
If you're that miserable, then just go ahead and die
 
You wanna die? Yet you're still alive
You say you wanna die, so why are you still alive?
You wanna die? Well, go ahead, then
You keep saying you want to die, so go ahead and do it
already","Ich will sterben. Es ist mir egal, ob ich sterbe.
Keiner wird mich bemerken.
Ich will sterben. Es ist mir egal, ob ich sterbe.
Ich bin sowieso unglücklich. Es ist mir egal, ob ich sterbe.

Du willst sterben, warum bist du noch am Leben?
Du willst sterben, warum bist du noch am Leben?
Du willst sterben, du willst sterben, du kannst sterben!
Du willst sterben, also warum lebst du noch?"
1,2,18,"niki_finger","niki","yubi enpitsu / finger pencil","_01",23,"街の灯の影に
枯れた命 何故に
百合の花がひらり
巡る季節 窓に
 
春は咲く頃に
夏は夢の香り
秋は刹那色に
冬は白い息に","machi no hi no kage ni
kareta inochi, naze ni
yuri no hana ga hirari
meguru kisetsu mado ni
 
haru wa saku goro ni
natsu wa yume no kaori
aki wa setsuna iro ni
fuyu wa shiroi iki ni","In the shadow of the city lights
Withered life, why
Lily flowers are fluttering
Seasons that come and go, at the window.
 
Spring: the time of bloom
Summer: the fragrance of dreams
Autumn: the color of transitions
Winter: the white breath","Im Schatten der Lichter der Stadt
Verwelktes Leben, warum
Die Lilien flattern
Jahreszeiten, die kommen und gehen, am Fenster.

Frühling ist, wenn sie blühen
Der Sommer ist der Duft der Träume
Der Herbst ist die Farbe eines Augenblicks
Der Winter ist der weiße Atem"
,,,,,,"_03",36,"描いた
心の奥の
大切なトコロ
巡る季節を見ていた
全部 でもでも
 
さよなら
立ち尽くす背の
悲しげな声を
今聴いている世界は
何を言うの？
 
描いた
窓にいつでも
透明な声も目も
震えた手も夢も
全部 メモメモ","ka'ita
kokoro no oku no
ta'isetsu na tokoro
meguru kisetsu wo mite ita
zenbu demo demo
 
sayonara
tachi tsukusu se no
kanashige na koe wo
ima ki'ite'iru sekai ha
nani wo iu no？
 
ka'ita
mado ni itsu demo
toumei na koe mo me mo
furu'eta te mo yume mo
zenbu memo memo","Sketched
Deep in the heart
The dearest place
I watched the seasons go by
All of them, but
 
Good-bye
The unmoving ridge
Its sad voice
The world now listening
What does it say?
 
Sketched
In the window at any time
Transparent voices as well as eyes
Trembling hands as well as dreams
All of it written down","Auf dem Bild.
Im Hinterkopf habe ich
Das wichtige tokoro
Ich sah die Jahreszeiten vorbeiziehen
Alle von ihnen, aber...

Auf Wiedersehen
Die Rücken, die stillstehen
Die traurige Stimme der Rücken, die stillstehen
Die Welt, der du jetzt zuhörst
Was sagt sie?

Ich habe gemalt
Im Fenster zu allen Zeiten
Transparente Stimmen und Augen
Deine zitternden Hände, deine Träume.
Ich habe sie alle aufgeschrieben."
1,1,20,"NiTSUKa_DivaOfThunder","NiTSUKa","Banrai no utahime / Diva of thunder","_01",22,"星が降る頃 曇天の空 
黎明前夜 君の隣で 
快晴を待つ 祈りを込める 
感情を詠む 言葉を紡ぐ","hoshi ga furu goro, donten no sora 
reimei zenya, kimi no tonari de 
kaisei wo matsu, inori wo komeru 
kanjou wo yomu, kotoba wo tsumugu","When the stars are falling, Cloudy skies 
On the eve of dawn, next to you 
Waiting for clear skies, Praying 
Compose your feelings, weave your words","Wenn die Sterne fallen Bewölkter Himmel
Am Vorabend der Morgendämmerung, neben dir
Ich warte auf einen klaren Himmel und bete
Komponiere deine Gefühle Webe deine Worte"
1,1,21,"PowaPowa_SykFish","PowaPowa","Sora no sakana / Sky fish","_02",23,"眠る私は思い出す
ステレオな思い出から
眠る私は思い出す　思い出す","nemuru watashi wa, omoi dasu
sutereo na omoide kara
nemuru watashi wa, omoi dasu, omoi dasu","As I sleep, I recall
From stereo memories
Sleeping I remember, remember","Schlafen Ich erinnere mich
Aus Stereo-Erinnerungen
Schlafen Ich erinnere mich Ich erinnere mich"
1,1,22,"regulus_weißerschnee","regulus","Weißer Schnee","_01",30,"瞬く白に溶かして消えゆく
独りぽつりと息を染めて
空に落ちた","[shi]batataku shiro ni tokashite kie yuku
hitori potsuri to iki wo somete
sora ni ochita","dissolving into the [blinking] white and fading away
A solitary breath dyes the air
I fell into the sky","sich im blinkenden Weiß auflösend und verblasst
Eingefärbt mit einem einsamen Innehalten und Atem
fiel ich in den Himmel"
1,1,26,"ryuryu_mathematics","ryuryu","Mathematics","_01",33,"静かにただ眺めていた 誰かが立てた予想を 
単純に見えた景色は色を変えた 
そしてまた繰り返すよ　僕は過ちを重ね 
生まれた意味もわからずに振るえていた","shizukani tada nagamete ita, dareka ga tateta yosou wo 
tanjun ni mieta keshiki wa iro wo kaeta 
soshite mata kuri kaesu yo, boku wa ayamachi wo kasane 
umareta imi mo wakarazu ni furu ete ita","I just watched in silence... the predictions that someone else had made. 
The simple view changed color. 
And I'll do it all over again I've made so many mistakes 
I don't even know why I was born... and I'm still shaking.","In aller Stille beobachtete ich die Vorhersagen, die jemand gemacht hatte.
Der einfache Blick wechselte die Farbe.
Und ich werde es immer wieder tun, einen Fehler nach dem anderen machen.
Ich weiß nicht einmal, was es bedeutet, geboren zu sein, und ich zittere immer noch."
1,1,27,"syudou_dendera","syudou","DenDeRa / Going out","_01",23,"出ん出らりゅうば　出て来るばってん 
追跡　乱闘　24時 
あっけらかんとしてるこの界隈 
さっさと言ってしまえその醜態を 
つっけんどんと後ろからバイバイ 
眼前背面tatooあり 
ノンシガレットは頂けないやい 
だったらいっぱし覚悟を持って","den dera ryuu ba, dete kuru batten
tsuiseki, rantou, ni'juu'yon'ji 
akkerakan to shiteru kono kaiwai 
sassa to itte shimae sono shuutai wo 
tsukkendon to ushiro kara bai bai
ganzen haimen tatoo ari 
non shigaretto wa itadake nai yai 
dattara ippashi gakugo wo motte","If they're coming out, they're coming out. 
Chase, brawl, 24:00. 
It's so easy in this neighborhood. 
Just tell them what an abomination they are. 
say bye-bye from behind with a shove! 
there are tattoos front and back 
non-cigarettes is unacceptable! 
Then be prepared for anything!","Wenn sie rausgehen, werden sie rauskommen.
Verfolgung, Schlägerei, 24 Stunden.
Es ist alles so einfach in diesem Viertel.
Sag ihnen einfach, was für eine Abscheulichkeit sie sind.
Sag tschüss von hinten.
Hinten ist ein Tatoo vor dir.
Ich kann keine Nicht-Zigaretten gebrauchen.
Dann seid auf alles gefasst!"
1,1,28,"tamakiNeko_Hatsukoi","tamaki_neko","Hatsukoi Hydrangea / First love hydrangea","_02",29,"君はきっと隣街の素敵なひとと
恋に落ちているかもしれない
青むらさきの綺麗な思い出だけが
僕の脳裏に都合よく浮かぶ","kimi wa kitto tonari machi no suteki na hito to
koi ni ochite iru kamo shirenai
ao murasaki no kirei na omoide dake ga
boku no nouri ni tsugou yoku ukabu","You may have already found someone sweet in the neighboring city
Only my beautiful memories painted in bluish-purple
Keep appearing conveniently in my daydream","Vielleicht sind Sie in einen netten Kerl aus der nächsten Stadt verliebt.
Du könntest in einen netten Menschen in der nächsten Stadt verliebt sein.
Nur schöne Erinnerungen an Blau und Lila
tauchen bequem in meinem Kopf auf."
1,1,29,"tamakiNeko_NeedToLove","tamaki_neko","Ai no hitsuyou / Need to Love","_01",25,"愛してる 
くちづけでゆれるコスモス 
暗い夜の片隅で ひそか In my heart","ai shiteru 
kuchi dzuke de yureru kosumosu 
kurai yoru no katasumi de, hisoka in my heart","I love you. 
Cosmos (flowers) swaying with a kiss 
In a dark corner of the night, secretly In my heart","Ich liebe dich.
Der Kosmos wiegt sich mit einem Kuss
In einer dunklen Ecke der Nacht, heimlich in meinem Herzen"
1,1,30,"tamakiNeko_shinyDays","tamaki_neko","Shiny days","_01",30,"Morning greets 
I wake up with your voice 
This moment is so sweet 
Precious and lovely 
Ever since you stepped into my life 
The sun has been shining 
Always in my heart
In the dark I was crying like a child 
Hopeless and lost 
Feeling so lonely 
But finally I found the light 
Needless to say it was you Baby",,,"Der Morgen grüßt
Ich wache auf mit deiner Stimme
Dieser Moment ist so süß
Kostbar und schön
Seitdem du in mein Leben getreten bist
Hat die Sonne geschienen
immer in mein Herz
In der Dunkelheit weinte ich wie ein Kind
Hoffnungslos und verloren
Ich fühlte mich so einsam
Aber schließlich fand ich das Licht
Unnötig zu sagen, dass es du warst, Baby"
1,2,31,"tamaz_flutter","tamaz","hirari, hirari / flutter, flutter","_01",23,"季節　繰り返すたび 
ほつれてく絆を 
つよく、つよく抱きしめて 
なくさぬよう","kisetsu kuri kaesu tabi 
hotsureteku kizuna wo 
tsuyoku, tsuyoku daki shimete 
nakusanu you","As the seasons repeat, 
the ties that become frayed 
Strongly, strongly embrace them
So that they won't be lost","Jahreszeiten, jede Jahreszeit wiederholt sich.
Die Bande, die ausgefranst sind
Halt dich fest, halt dich fest
Damit wir sie nicht verlieren"
,,,,,,"_02",23,"抱えた言葉の重たさに 
動けなくなって 
ただ　暖かな夢に溺れてた 
気付けば　きみを見失い","kakaeta kotoba no omotasa ni 
ugokenaku natte 
tada, atataka'na yume ni oboreteta 
ki'dzuke ba, kimi wo mi'uchinai","from the heaviness of the words that I carried 
I became unable to move, 
merely, wallowing in a warm dream 
when I woke, I lost sight of you","Das Gewicht der Worte, an denen ich mich festhielt.
Ich konnte mich nicht bewegen.
Ich ertrank einfach in warmen Träumen.
Und dann wurde mir klar, dass ich dich verloren hatte."
1,2,32,"tennen_ashesToAshes","ten'nen","HaiHaHaiNi / Ashes to Ashes","_01",15,"さらば　現身の華　露と消えぬ","saraba, utsushimi no hana, tsuyu to kienu","Farewell. A bloom of self in the present. It shall disappear like a dew.","Lebe wohl, Blume dieses Lebens, verschwunden wie der Tau."
,,,,,,"_02",22,"千年の眠りを覚ます　
鐘の音に似た響きあれ　
黄銅羊の夢を見る

絢爛たる　毛氈の海
魔窟に消え入る　道化師の
揺らめく鼓動に共振えゆく

繚乱たる歯車咲く
掛け金下ろし　滑り込む　妙なる
響きに身を任せ","sen'nen no nemuri wo samasu　
kane no ne ni niita hibiki are　
oudou hitsuji no yume wo miru

kenran taru mousen no umi
makutsu ni kie iru, doukeshi no
yurameku kodou ni kyou fure yuku

ryouran taru haguruma saku
kakegane oroshi, suberikomu, taenaru
hibiki ni mi wo makase","let there be an echo like the sound of a bell 
that awakens from a thousand years of sleep
I dream of a brass sheep

A sea of luxurious carpets
the shimmering heartbeat of the clown who disappears into a magical cave resonates

Newly flowing gears bloom
I let myself fall in love with the strange echo that slips in under the latch","Aufwachen aus einem tausendjährigen Schlaf
Lass es hallen wie Glockenklang
Ich träume von einem Messingschaf

Von einem Meer aus luxuriösen Teppichen
Von einem Clown, der in einer magischen Höhle verschwindet
Die mit dem schimmernden Schlag des Herzens resoniert

Neu fließende Zahnräder blühen
Schließe den Riegel vor und gleite in die Fremde
Verliere dich in den Echos"
1,3,33,"whinartense_theOutsider","whinartense (89P)","ippiki ookami (The Outsider) / Lone Wolf","_01",22,"小さい頃から虐げられて　
波風立てず生きていた

あまり話さず人と行動せず　
それでもここまでやって来た

何があろうと平然に過ごし　
周りのことを気にし過ぎず

淡々とした生活を　
後ろ指刺されながらしてきたんだ

大人になって仲間が増えても　
権力に媚びず我が道を行く

多数派じゃなくてもいいよ　
僕は一人でも大丈夫だから

認められるだけの問題じゃない　
孤立しても気にしないし

プライドの高いOutsider　
それが僕と言う名の駒[だ]","chiisai goro kara shiitagerarete　
kaze tatezu ikite ita

amari hanazu hito to koudou sezu　
soredemo koko made yatte kita

nani ga arou to heizen ni sugoshi　
mawari no koto wo ki ni shi sugizu

tan'tan to shita seikatsu wo　
oshiro yubi sasare nagara shite kita'n da

otona ni natte nakama ga fuete mo　
kenryoku ni kobizu waga michi wo iku

tasuu'ha janakute mo ii yo　
boku wa hitori de mo daijoubu dakara

mitomerareru dake no mondai janai　
dokuritsu shite mo ki ni shinai shi

pura'ido no takai Outsider　
sore ga boku to iu na no koma [da]","I've been bullied since I was a kid. 
I've never made waves in my life.

I didn't talk much, I didn't do much with others, 
and yet I made it this far.

No matter what happens, I've lived a normal life, 
not caring too much about the world around me.

I've been living a simple life, 
with people looking back at me.

As I've grown up and my circle has expanded, 
I've always gone my own way, not bowing to the powers that be.

I don't need to be in the majority. 
I'm fine on my own.

It's not just a matter of being accepted. 
I don't mind being isolated.

I'm a proud Outsider, 
that's what I am, a pawn.","Von klein auf missbraucht.
Ich habe mein Leben gelebt, ohne Wellen zu schlagen.

Ich habe nicht viel geredet, habe nicht viel mit anderen gemacht.
Und doch habe ich es so weit gebracht.

Egal, was passierte, ich war immer ruhig.
Nicht übermäßig besorgt über das, was um mich herum vorgeht.

Ich habe mein Leben gelebt
Ich habe mein Leben so gelebt, dass man mit dem Finger hinter meinem Rücken auf mich zeigt.

Ich bin erwachsen geworden, ich habe jetzt mehr Freunde
Ich bin den Mächtigen nicht mehr verpflichtet, ich gehe meinen eigenen Weg.

Ich muss nicht mehr in der Mehrheit sein.
Ich komme alleine zurecht.

Es geht nicht nur darum, akzeptiert zu werden.
Es macht mir nichts aus, isoliert zu sein.

Ich bin ein stolzer Außenseiter
So nennt man mich, ein Bauer [ist]."
,,,,,,"_02",22,"..の駒だ

いつの間にか　
孤独の変わり者になっていて
動じない心に　
嫌気が差してる
「孤独」と言われたくないんだ
だけれど　その寂しさが
プライド　傷つける","… no komada da

itsu no ma ni ka　
kodoku no kawari mono ni natte ite
dou jinai kokoro ni　
iyaki ga sashiteru
「kodoku」to iwaretakunai'n da
dakeredo, sono sabishisa ga
pura'ido kizu tsukeru","… a pawn

at some point in time, 
instead of solitary I became a person;
an unflappable heart,
I was tired of being that way.
I don't want to be called ""solitary.""
But that loneliness,
It hurts my pride.","... Stücke von.

Wenn.
ich ein einsamer Exzentriker wurde
Ich bin es leid, in meinen Gedanken festzustecken.
Ich habe es satt.
Ich will nicht einsam genannt werden.
Aber die Einsamkeit, die das alles mit sich bringt...
Sie verletzt meinen Stolz."
,,,,,,"_03",22,"ねぇ
愛されたいの　もう一度
僕の自我が邪魔をしていても
嫌い　嫌い　嫌い
誰にも頼れやしないんだ

嗚呼
近付きたいの　もう一回
この凍り付いた心　融かして
痛い　痛い　痛い　
この嘆きは届かない","ne'e
ai saretai no, mou ichido
boku no jiga ga jama wo shite ite mo
kirai, kirai, kirai
dare ni mo tayore yashinai'n da

Aah,
chika dzukitai no, mou ikkai
kono koori tsuita kokoro, tokashite
itai, itai, itai　
kono nageki wa todokanai","Hey.
I need to be loved again
Even if my ego gets in the way
I hate it, hate it, hate it.
I have no one to depend on.

Ah!
I want to get closer. One more time.
This frozen heart, let it thaw
It hurts, hurts, hurts
this lamentation is undelivered.","Hallo.
Ich muss wieder geliebt werden.
Auch wenn mein Ego mir im Weg steht.
Ich hasse, hasse, hasse, hasse.
Ich kann mich auf niemanden verlassen.

Ah!
Ich will näher kommen, noch einmal.
Dieses gefrorene Herz auftauen
Autsch, autsch, autsch
Dieses Lamento wird dich nie erreichen"
1,1,34,"whinartense_thoughtinversion","whinartense (89P)","Thought Inversion","_01",30,"いつだって僕ら 壁にぶつかって 泣いて
明日に備える そんな日々だらけで
失敗を恐れて 身動きできなくても
それでも日を重ねてしまう

なんで？どうして？頭がいっぱいになる
それでも次々と出てきている課題
足りない答え(アンサー)に 僕らはヒント(ピース)を捜す
マイペースでいいから 一歩ずつ足進めて","itsu datte bokura kabe ni butukatte na'ite
ashita ni sona'eru, son'na hibi darake de 
shippai wo osorete, mi'ugoki dekinakute mo
soredemo hi wo kasanete shima'u

nan'de? Doushite? atama ga ippai ni naru
soredemo tsugi'tsugi to dete kite iru kadai
tarinai ansaa ni, bokura wa pi'isu wo sagasu
ma'i pe'esu de ii kara, ippo zutsu ashi susumete","all the time, we are hitting a wall, crying,
preparing for tomorrow, full of days like that.
fearing failure,  unable even to move.
But still the days pile on.

Why? Why? It fills my head.
And yet the questions keep coming up one after another
We're looking for the missing answers, we're looking for the pieces
Just go at your own pace, one step at a time","Wir stoßen immer gegen Wände, wir weinen.
Wir bereiten uns auf morgen vor.
Selbst wenn wir uns aus Angst vor dem Versagen nicht bewegen können
Aber trotzdem machen wir weiter mit unseren Tagen.

Und warum? Warum nur? Mein Kopf ist voll von Fragen.
Und trotzdem tauchen die Fragen immer wieder auf
Für die fehlenden Antworten suchen wir nach den Hinweisen (Teilen)
Geh einfach in deinem eigenen Tempo, einen Schritt nach dem anderen"
1,1,35,"yauyauke_aCityToFindYou","tsu-ni- (ya-ya)","kimi wo sagasu machi / A city to find you","_02",22,"ああ 空っぽの街に君を探しては
何度も 同じ場所をさまよい続け
淡くなってく取り残された景色の中で
君の幻をみたんだ","Aah, karappo no machi ni kimi wo sagashita wa
nan'do mo onaji basho wo samayoi tsudzuke
awaku natteku tori nokosareta keshiki no naka de
kimi no maboroshi wo mita'n da","Oh, I keep looking for you in that empty city.
I keep wandering the same place over and over
In the fading landscape left behind
I saw a vision of you","Oh, ich suche dich immer wieder in der leeren Stadt.
Ich wandere immer wieder am selben Ort umher
In der verblassenden Landschaft, die zurückbleibt.
Ich sah eine Vision von dir."
